-- root-types-contained: SystemModel_c,PackageableElement_c,DataType_c,CoreDataType_c,UserDataType_c
-- BP 7.1 content: StreamData syschar: 3 persistence-version: 7.1.6

INSERT INTO S_SYS
	VALUES ("2f3d88a0-efde-45c2-8de5-29e6c6288805",
	'cieratest',
	1);
INSERT INTO EP_PKG
	VALUES ("fd5ff509-76a0-4131-b939-8a4de35cccbb",
	"2f3d88a0-efde-45c2-8de5-29e6c6288805",
	"2f3d88a0-efde-45c2-8de5-29e6c6288805",
	'system',
	'',
	0);
INSERT INTO PE_PE
	VALUES ("911ad659-1423-4342-b14b-148ddbc56d20",
	1,
	"fd5ff509-76a0-4131-b939-8a4de35cccbb",
	"00000000-0000-0000-0000-000000000000",
	21);
INSERT INTO CL_IC
	VALUES ("911ad659-1423-4342-b14b-148ddbc56d20",
	"57a3c3b9-0fd2-4928-ad2e-32c5c6e2e8a7",
	"00000000-0000-0000-0000-000000000000",
	"00000000-0000-0000-0000-000000000000",
	0,
	'',
	'cieratest::components::Engine',
	'');
INSERT INTO EP_PKG
	VALUES ("a62777b6-3844-4c9e-97cb-55e9bf77eed6",
	"2f3d88a0-efde-45c2-8de5-29e6c6288805",
	"2f3d88a0-efde-45c2-8de5-29e6c6288805",
	'components',
	'',
	0);
INSERT INTO PE_PE
	VALUES ("57a3c3b9-0fd2-4928-ad2e-32c5c6e2e8a7",
	1,
	"a62777b6-3844-4c9e-97cb-55e9bf77eed6",
	"00000000-0000-0000-0000-000000000000",
	2);
INSERT INTO C_C
	VALUES ("57a3c3b9-0fd2-4928-ad2e-32c5c6e2e8a7",
	"00000000-0000-0000-0000-000000000000",
	"00000000-0000-0000-0000-000000000000",
	'Engine',
	'',
	0,
	"00000000-0000-0000-0000-000000000000",
	0,
	'',
	'');
INSERT INTO PE_PE
	VALUES ("e5b17362-2c5f-4e30-b61a-c5751e61b393",
	1,
	"00000000-0000-0000-0000-000000000000",
	"57a3c3b9-0fd2-4928-ad2e-32c5c6e2e8a7",
	7);
INSERT INTO EP_PKG
	VALUES ("e5b17362-2c5f-4e30-b61a-c5751e61b393",
	"00000000-0000-0000-0000-000000000000",
	"2f3d88a0-efde-45c2-8de5-29e6c6288805",
	'board',
	'',
	0);
INSERT INTO PE_PE
	VALUES ("d4745e63-a0bc-44fa-a237-f63f1e478ac1",
	1,
	"e5b17362-2c5f-4e30-b61a-c5751e61b393",
	"00000000-0000-0000-0000-000000000000",
	4);
INSERT INTO O_OBJ
	VALUES ("d4745e63-a0bc-44fa-a237-f63f1e478ac1",
	'Move',
	1,
	'Move',
	'',
	"00000000-0000-0000-0000-000000000000");
INSERT INTO O_TFR
	VALUES ("f3fca065-7db2-4412-9275-70b668a6ad27",
	"d4745e63-a0bc-44fa-a237-f63f1e478ac1",
	'from_square',
	'',
	"d5732df7-1784-4839-ad60-8c7d5424f211",
	0,
	'select any sq from instances of Square;
return sq;',
	1,
	'',
	"00000000-0000-0000-0000-000000000000",
	0,
	1);
INSERT INTO O_TPARM
	VALUES ("59b1a0b1-8790-424d-b109-f5b24a4269ab",
	"f3fca065-7db2-4412-9275-70b668a6ad27",
	'move',
	"ba5eda7a-def5-0000-0000-000000000004",
	0,
	'',
	"00000000-0000-0000-0000-000000000000",
	'');
INSERT INTO ACT_OPB
	VALUES ("d0c2b713-d9ae-40f3-9f4e-1886a8b48cd4",
	"f3fca065-7db2-4412-9275-70b668a6ad27");
INSERT INTO ACT_ACT
	VALUES ("d0c2b713-d9ae-40f3-9f4e-1886a8b48cd4",
	'class operation',
	0,
	"7c2ebd3c-3acc-416f-849d-af305aa3a916",
	"00000000-0000-0000-0000-000000000000",
	0,
	'Move::from_square',
	"00000000-0000-0000-0000-000000000000");
INSERT INTO ACT_BLK
	VALUES ("7c2ebd3c-3acc-416f-849d-af305aa3a916",
	1,
	0,
	0,
	'',
	'',
	'',
	2,
	1,
	1,
	33,
	0,
	0,
	0,
	0,
	0,
	0,
	0,
	0,
	0,
	"d0c2b713-d9ae-40f3-9f4e-1886a8b48cd4",
	"00000000-0000-0000-0000-000000000000");
INSERT INTO ACT_SMT
	VALUES ("eaf9dd9b-010f-498b-b65b-c6b479511557",
	"7c2ebd3c-3acc-416f-849d-af305aa3a916",
	"1ab4ef22-7d8f-41c8-983d-99b773370e05",
	1,
	1,
	'Move::from_square line: 1');
INSERT INTO ACT_FIO
	VALUES ("eaf9dd9b-010f-498b-b65b-c6b479511557",
	"c687742a-f660-4feb-8968-6de0b2afd3d0",
	1,
	'any',
	"bbc4cb47-fc80-4708-b636-a12c191040b3",
	1,
	33);
INSERT INTO ACT_SMT
	VALUES ("1ab4ef22-7d8f-41c8-983d-99b773370e05",
	"7c2ebd3c-3acc-416f-849d-af305aa3a916",
	"00000000-0000-0000-0000-000000000000",
	2,
	1,
	'Move::from_square line: 2');
INSERT INTO ACT_RET
	VALUES ("1ab4ef22-7d8f-41c8-983d-99b773370e05",
	"8c6a5591-690d-4b8e-91f5-9fcf494ec296");
INSERT INTO V_VAL
	VALUES ("8c6a5591-690d-4b8e-91f5-9fcf494ec296",
	0,
	0,
	2,
	8,
	9,
	0,
	0,
	0,
	0,
	"d5732df7-1784-4839-ad60-8c7d5424f211",
	"7c2ebd3c-3acc-416f-849d-af305aa3a916");
INSERT INTO V_IRF
	VALUES ("8c6a5591-690d-4b8e-91f5-9fcf494ec296",
	"c687742a-f660-4feb-8968-6de0b2afd3d0");
INSERT INTO V_VAR
	VALUES ("c687742a-f660-4feb-8968-6de0b2afd3d0",
	"7c2ebd3c-3acc-416f-849d-af305aa3a916",
	'sq',
	1,
	"d5732df7-1784-4839-ad60-8c7d5424f211");
INSERT INTO V_INT
	VALUES ("c687742a-f660-4feb-8968-6de0b2afd3d0",
	0,
	"bbc4cb47-fc80-4708-b636-a12c191040b3");
INSERT INTO O_TFR
	VALUES ("a3943822-6ec6-4b92-afc0-412ff8729bee",
	"d4745e63-a0bc-44fa-a237-f63f1e478ac1",
	'eval',
	'',
	"ba5eda7a-def5-0000-0000-000000000000",
	1,
	'select any src from instances of Square;
src = Move::from_square( move:self.Notation );
moved_piece = src.occupant();',
	1,
	'',
	"d341eed6-c684-4023-9e7b-16680aadc829",
	0,
	2);
INSERT INTO ACT_OPB
	VALUES ("d6abf722-b62f-40ba-8d0c-763e9f052515",
	"a3943822-6ec6-4b92-afc0-412ff8729bee");
INSERT INTO ACT_ACT
	VALUES ("d6abf722-b62f-40ba-8d0c-763e9f052515",
	'operation',
	0,
	"fd20c260-7f77-434a-9f59-ddebeaefc63b",
	"00000000-0000-0000-0000-000000000000",
	0,
	'Move::eval',
	"00000000-0000-0000-0000-000000000000");
INSERT INTO ACT_BLK
	VALUES ("fd20c260-7f77-434a-9f59-ddebeaefc63b",
	1,
	0,
	0,
	'Move',
	'',
	'',
	3,
	1,
	2,
	7,
	0,
	0,
	0,
	0,
	0,
	0,
	0,
	0,
	0,
	"d6abf722-b62f-40ba-8d0c-763e9f052515",
	"00000000-0000-0000-0000-000000000000");
INSERT INTO ACT_SMT
	VALUES ("07c4a74a-be4e-4464-9d0d-7c097b4e8f56",
	"fd20c260-7f77-434a-9f59-ddebeaefc63b",
	"77128bb1-a26d-4928-a8db-d31159e3a88d",
	1,
	1,
	'Move::eval line: 1');
INSERT INTO ACT_FIO
	VALUES ("07c4a74a-be4e-4464-9d0d-7c097b4e8f56",
	"9e0db84e-6724-4963-88bb-87ff43778406",
	1,
	'any',
	"bbc4cb47-fc80-4708-b636-a12c191040b3",
	1,
	34);
INSERT INTO ACT_SMT
	VALUES ("77128bb1-a26d-4928-a8db-d31159e3a88d",
	"fd20c260-7f77-434a-9f59-ddebeaefc63b",
	"23de3a8d-7842-4c18-b07f-2b54b3c08523",
	2,
	1,
	'Move::eval line: 2');
INSERT INTO ACT_AI
	VALUES ("77128bb1-a26d-4928-a8db-d31159e3a88d",
	"cdce0612-8ae4-4bbb-ae30-161b813bfbd0",
	"b702be16-6407-4f5b-ac28-096c84b411dc",
	0,
	0);
INSERT INTO ACT_SMT
	VALUES ("23de3a8d-7842-4c18-b07f-2b54b3c08523",
	"fd20c260-7f77-434a-9f59-ddebeaefc63b",
	"00000000-0000-0000-0000-000000000000",
	3,
	1,
	'Move::eval line: 3');
INSERT INTO ACT_AI
	VALUES ("23de3a8d-7842-4c18-b07f-2b54b3c08523",
	"76384137-d6c1-4f21-88ac-4c44e310eb7f",
	"20333947-4256-450e-bf68-47d1d3af6457",
	0,
	0);
INSERT INTO V_VAL
	VALUES ("b702be16-6407-4f5b-ac28-096c84b411dc",
	1,
	0,
	2,
	1,
	3,
	0,
	0,
	0,
	0,
	"d5732df7-1784-4839-ad60-8c7d5424f211",
	"fd20c260-7f77-434a-9f59-ddebeaefc63b");
INSERT INTO V_IRF
	VALUES ("b702be16-6407-4f5b-ac28-096c84b411dc",
	"9e0db84e-6724-4963-88bb-87ff43778406");
INSERT INTO V_VAL
	VALUES ("cdce0612-8ae4-4bbb-ae30-161b813bfbd0",
	0,
	0,
	2,
	13,
	-1,
	2,
	26,
	0,
	0,
	"d5732df7-1784-4839-ad60-8c7d5424f211",
	"fd20c260-7f77-434a-9f59-ddebeaefc63b");
INSERT INTO V_TRV
	VALUES ("cdce0612-8ae4-4bbb-ae30-161b813bfbd0",
	"f3fca065-7db2-4412-9275-70b668a6ad27",
	"00000000-0000-0000-0000-000000000000",
	1,
	2,
	7);
INSERT INTO V_VAL
	VALUES ("2503e094-2732-4f34-8f93-0c86ec207c79",
	0,
	0,
	2,
	31,
	34,
	0,
	0,
	0,
	0,
	"ba5eda7a-def5-0000-0000-000000000008",
	"fd20c260-7f77-434a-9f59-ddebeaefc63b");
INSERT INTO V_IRF
	VALUES ("2503e094-2732-4f34-8f93-0c86ec207c79",
	"3cf9eab9-da81-4d47-a729-45db2af57af1");
INSERT INTO V_VAL
	VALUES ("86807a2b-e584-4b60-8e54-de740e667a61",
	0,
	0,
	2,
	36,
	43,
	0,
	0,
	0,
	0,
	"ba5eda7a-def5-0000-0000-000000000004",
	"fd20c260-7f77-434a-9f59-ddebeaefc63b");
INSERT INTO V_AVL
	VALUES ("86807a2b-e584-4b60-8e54-de740e667a61",
	"2503e094-2732-4f34-8f93-0c86ec207c79",
	"d4745e63-a0bc-44fa-a237-f63f1e478ac1",
	"9acec2ab-6afe-42ac-9ab7-f9a7087eeddd");
INSERT INTO V_PAR
	VALUES ("86807a2b-e584-4b60-8e54-de740e667a61",
	"00000000-0000-0000-0000-000000000000",
	"cdce0612-8ae4-4bbb-ae30-161b813bfbd0",
	'move',
	"00000000-0000-0000-0000-000000000000",
	2,
	26);
INSERT INTO V_VAL
	VALUES ("20333947-4256-450e-bf68-47d1d3af6457",
	1,
	1,
	3,
	1,
	11,
	0,
	0,
	0,
	0,
	"9c273cf5-40ba-4131-bd15-84879de77235",
	"fd20c260-7f77-434a-9f59-ddebeaefc63b");
INSERT INTO V_IRF
	VALUES ("20333947-4256-450e-bf68-47d1d3af6457",
	"0243848a-4c67-409c-af90-8d21150aa64c");
INSERT INTO V_VAL
	VALUES ("76384137-d6c1-4f21-88ac-4c44e310eb7f",
	0,
	0,
	3,
	19,
	-1,
	0,
	0,
	0,
	0,
	"9c273cf5-40ba-4131-bd15-84879de77235",
	"fd20c260-7f77-434a-9f59-ddebeaefc63b");
INSERT INTO V_TRV
	VALUES ("76384137-d6c1-4f21-88ac-4c44e310eb7f",
	"eef5e2bb-7c51-4262-a668-d1ec28abf1ca",
	"9e0db84e-6724-4963-88bb-87ff43778406",
	1,
	0,
	0);
INSERT INTO V_VAR
	VALUES ("9e0db84e-6724-4963-88bb-87ff43778406",
	"fd20c260-7f77-434a-9f59-ddebeaefc63b",
	'src',
	1,
	"d5732df7-1784-4839-ad60-8c7d5424f211");
INSERT INTO V_INT
	VALUES ("9e0db84e-6724-4963-88bb-87ff43778406",
	0,
	"bbc4cb47-fc80-4708-b636-a12c191040b3");
INSERT INTO V_VAR
	VALUES ("3cf9eab9-da81-4d47-a729-45db2af57af1",
	"fd20c260-7f77-434a-9f59-ddebeaefc63b",
	'self',
	1,
	"ba5eda7a-def5-0000-0000-000000000008");
INSERT INTO V_INT
	VALUES ("3cf9eab9-da81-4d47-a729-45db2af57af1",
	0,
	"d4745e63-a0bc-44fa-a237-f63f1e478ac1");
INSERT INTO V_VAR
	VALUES ("0243848a-4c67-409c-af90-8d21150aa64c",
	"fd20c260-7f77-434a-9f59-ddebeaefc63b",
	'moved_piece',
	1,
	"9c273cf5-40ba-4131-bd15-84879de77235");
INSERT INTO V_INT
	VALUES ("0243848a-4c67-409c-af90-8d21150aa64c",
	0,
	"d0c12842-5dda-447d-b7ac-1fa939ceb890");
INSERT INTO O_TFR
	VALUES ("d341eed6-c684-4023-9e7b-16680aadc829",
	"d4745e63-a0bc-44fa-a237-f63f1e478ac1",
	'to_square',
	'',
	"d5732df7-1784-4839-ad60-8c7d5424f211",
	0,
	'select any sq from instances of Square;
return sq;',
	1,
	'',
	"f3fca065-7db2-4412-9275-70b668a6ad27",
	0,
	1);
INSERT INTO O_TPARM
	VALUES ("5441e3c9-aaf8-49d5-a5b9-0b78ca4182b3",
	"d341eed6-c684-4023-9e7b-16680aadc829",
	'move',
	"ba5eda7a-def5-0000-0000-000000000004",
	0,
	'',
	"00000000-0000-0000-0000-000000000000",
	'');
INSERT INTO ACT_OPB
	VALUES ("e51a3a3d-3975-4c33-8107-691766304e1e",
	"d341eed6-c684-4023-9e7b-16680aadc829");
INSERT INTO ACT_ACT
	VALUES ("e51a3a3d-3975-4c33-8107-691766304e1e",
	'class operation',
	0,
	"0c26056e-9d44-4019-92b2-1d17337add57",
	"00000000-0000-0000-0000-000000000000",
	0,
	'Move::to_square',
	"00000000-0000-0000-0000-000000000000");
INSERT INTO ACT_BLK
	VALUES ("0c26056e-9d44-4019-92b2-1d17337add57",
	1,
	0,
	0,
	'',
	'',
	'',
	2,
	1,
	1,
	33,
	0,
	0,
	0,
	0,
	0,
	0,
	0,
	0,
	0,
	"e51a3a3d-3975-4c33-8107-691766304e1e",
	"00000000-0000-0000-0000-000000000000");
INSERT INTO ACT_SMT
	VALUES ("5e239192-cb60-441b-b992-b391a264628a",
	"0c26056e-9d44-4019-92b2-1d17337add57",
	"87ff078f-628d-4238-872d-37db8d74d065",
	1,
	1,
	'Move::to_square line: 1');
INSERT INTO ACT_FIO
	VALUES ("5e239192-cb60-441b-b992-b391a264628a",
	"0ea125df-3c04-4e2a-b28a-0c7ed071222a",
	1,
	'any',
	"bbc4cb47-fc80-4708-b636-a12c191040b3",
	1,
	33);
INSERT INTO ACT_SMT
	VALUES ("87ff078f-628d-4238-872d-37db8d74d065",
	"0c26056e-9d44-4019-92b2-1d17337add57",
	"00000000-0000-0000-0000-000000000000",
	2,
	1,
	'Move::to_square line: 2');
INSERT INTO ACT_RET
	VALUES ("87ff078f-628d-4238-872d-37db8d74d065",
	"30664199-8631-4cb7-a4e9-63a90393e0ae");
INSERT INTO V_VAL
	VALUES ("30664199-8631-4cb7-a4e9-63a90393e0ae",
	0,
	0,
	2,
	8,
	9,
	0,
	0,
	0,
	0,
	"d5732df7-1784-4839-ad60-8c7d5424f211",
	"0c26056e-9d44-4019-92b2-1d17337add57");
INSERT INTO V_IRF
	VALUES ("30664199-8631-4cb7-a4e9-63a90393e0ae",
	"0ea125df-3c04-4e2a-b28a-0c7ed071222a");
INSERT INTO V_VAR
	VALUES ("0ea125df-3c04-4e2a-b28a-0c7ed071222a",
	"0c26056e-9d44-4019-92b2-1d17337add57",
	'sq',
	1,
	"d5732df7-1784-4839-ad60-8c7d5424f211");
INSERT INTO V_INT
	VALUES ("0ea125df-3c04-4e2a-b28a-0c7ed071222a",
	0,
	"bbc4cb47-fc80-4708-b636-a12c191040b3");
INSERT INTO O_NBATTR
	VALUES ("9acec2ab-6afe-42ac-9ab7-f9a7087eeddd",
	"d4745e63-a0bc-44fa-a237-f63f1e478ac1");
INSERT INTO O_BATTR
	VALUES ("9acec2ab-6afe-42ac-9ab7-f9a7087eeddd",
	"d4745e63-a0bc-44fa-a237-f63f1e478ac1");
INSERT INTO O_ATTR
	VALUES ("9acec2ab-6afe-42ac-9ab7-f9a7087eeddd",
	"d4745e63-a0bc-44fa-a237-f63f1e478ac1",
	"00000000-0000-0000-0000-000000000000",
	'Notation',
	'',
	'',
	'Notation',
	0,
	"ba5eda7a-def5-0000-0000-000000000004",
	'',
	'');
INSERT INTO O_ID
	VALUES (0,
	"d4745e63-a0bc-44fa-a237-f63f1e478ac1");
INSERT INTO O_ID
	VALUES (1,
	"d4745e63-a0bc-44fa-a237-f63f1e478ac1");
INSERT INTO O_ID
	VALUES (2,
	"d4745e63-a0bc-44fa-a237-f63f1e478ac1");
INSERT INTO PE_PE
	VALUES ("bbc4cb47-fc80-4708-b636-a12c191040b3",
	1,
	"e5b17362-2c5f-4e30-b61a-c5751e61b393",
	"00000000-0000-0000-0000-000000000000",
	4);
INSERT INTO O_OBJ
	VALUES ("bbc4cb47-fc80-4708-b636-a12c191040b3",
	'Square',
	2,
	'Square',
	'',
	"00000000-0000-0000-0000-000000000000");
INSERT INTO O_TFR
	VALUES ("eef5e2bb-7c51-4262-a668-d1ec28abf1ca",
	"bbc4cb47-fc80-4708-b636-a12c191040b3",
	'occupant',
	'',
	"9c273cf5-40ba-4131-bd15-84879de77235",
	1,
	'select any p from instances of Piece;
return p;',
	1,
	'',
	"00000000-0000-0000-0000-000000000000",
	0,
	1);
INSERT INTO ACT_OPB
	VALUES ("96335c80-88f9-49d0-8943-0b8eb803e1ad",
	"eef5e2bb-7c51-4262-a668-d1ec28abf1ca");
INSERT INTO ACT_ACT
	VALUES ("96335c80-88f9-49d0-8943-0b8eb803e1ad",
	'operation',
	0,
	"1664542d-b64a-4bb3-9fcc-7f94995b9ecb",
	"00000000-0000-0000-0000-000000000000",
	0,
	'Square::occupant',
	"00000000-0000-0000-0000-000000000000");
INSERT INTO ACT_BLK
	VALUES ("1664542d-b64a-4bb3-9fcc-7f94995b9ecb",
	1,
	0,
	0,
	'',
	'',
	'',
	2,
	1,
	1,
	32,
	0,
	0,
	0,
	0,
	0,
	0,
	0,
	0,
	0,
	"96335c80-88f9-49d0-8943-0b8eb803e1ad",
	"00000000-0000-0000-0000-000000000000");
INSERT INTO ACT_SMT
	VALUES ("a8673863-474b-4bdf-8a5a-685bced47957",
	"1664542d-b64a-4bb3-9fcc-7f94995b9ecb",
	"fa2e61f3-f6b5-412c-a275-ab8c24b491c8",
	1,
	1,
	'Square::occupant line: 1');
INSERT INTO ACT_FIO
	VALUES ("a8673863-474b-4bdf-8a5a-685bced47957",
	"535322c0-e312-493e-b797-074acddf5a9e",
	1,
	'any',
	"d0c12842-5dda-447d-b7ac-1fa939ceb890",
	1,
	32);
INSERT INTO ACT_SMT
	VALUES ("fa2e61f3-f6b5-412c-a275-ab8c24b491c8",
	"1664542d-b64a-4bb3-9fcc-7f94995b9ecb",
	"00000000-0000-0000-0000-000000000000",
	2,
	1,
	'Square::occupant line: 2');
INSERT INTO ACT_RET
	VALUES ("fa2e61f3-f6b5-412c-a275-ab8c24b491c8",
	"ea6f4533-cce0-4751-88c3-a7433d1cf99f");
INSERT INTO V_VAL
	VALUES ("ea6f4533-cce0-4751-88c3-a7433d1cf99f",
	0,
	0,
	2,
	8,
	8,
	0,
	0,
	0,
	0,
	"9c273cf5-40ba-4131-bd15-84879de77235",
	"1664542d-b64a-4bb3-9fcc-7f94995b9ecb");
INSERT INTO V_IRF
	VALUES ("ea6f4533-cce0-4751-88c3-a7433d1cf99f",
	"535322c0-e312-493e-b797-074acddf5a9e");
INSERT INTO V_VAR
	VALUES ("535322c0-e312-493e-b797-074acddf5a9e",
	"1664542d-b64a-4bb3-9fcc-7f94995b9ecb",
	'p',
	1,
	"9c273cf5-40ba-4131-bd15-84879de77235");
INSERT INTO V_INT
	VALUES ("535322c0-e312-493e-b797-074acddf5a9e",
	0,
	"d0c12842-5dda-447d-b7ac-1fa939ceb890");
INSERT INTO O_ID
	VALUES (0,
	"bbc4cb47-fc80-4708-b636-a12c191040b3");
INSERT INTO O_ID
	VALUES (1,
	"bbc4cb47-fc80-4708-b636-a12c191040b3");
INSERT INTO O_ID
	VALUES (2,
	"bbc4cb47-fc80-4708-b636-a12c191040b3");
INSERT INTO PE_PE
	VALUES ("d0c12842-5dda-447d-b7ac-1fa939ceb890",
	1,
	"e5b17362-2c5f-4e30-b61a-c5751e61b393",
	"00000000-0000-0000-0000-000000000000",
	4);
INSERT INTO O_OBJ
	VALUES ("d0c12842-5dda-447d-b7ac-1fa939ceb890",
	'Piece',
	3,
	'Piece',
	'',
	"00000000-0000-0000-0000-000000000000");
INSERT INTO O_ID
	VALUES (0,
	"d0c12842-5dda-447d-b7ac-1fa939ceb890");
INSERT INTO O_ID
	VALUES (1,
	"d0c12842-5dda-447d-b7ac-1fa939ceb890");
INSERT INTO O_ID
	VALUES (2,
	"d0c12842-5dda-447d-b7ac-1fa939ceb890");
INSERT INTO PE_PE
	VALUES ("d5732df7-1784-4839-ad60-8c7d5424f211",
	1,
	"e5b17362-2c5f-4e30-b61a-c5751e61b393",
	"00000000-0000-0000-0000-000000000000",
	3);
INSERT INTO S_DT
	VALUES ("d5732df7-1784-4839-ad60-8c7d5424f211",
	"00000000-0000-0000-0000-000000000000",
	'inst_ref<Square>',
	'',
	'');
INSERT INTO S_IRDT
	VALUES ("d5732df7-1784-4839-ad60-8c7d5424f211",
	0,
	"bbc4cb47-fc80-4708-b636-a12c191040b3");
INSERT INTO PE_PE
	VALUES ("c5f6bcdc-4fff-40a5-8941-23bf093da8ff",
	1,
	"e5b17362-2c5f-4e30-b61a-c5751e61b393",
	"00000000-0000-0000-0000-000000000000",
	3);
INSERT INTO S_DT
	VALUES ("c5f6bcdc-4fff-40a5-8941-23bf093da8ff",
	"00000000-0000-0000-0000-000000000000",
	'inst_ref_set<Square>',
	'',
	'');
INSERT INTO S_IRDT
	VALUES ("c5f6bcdc-4fff-40a5-8941-23bf093da8ff",
	1,
	"bbc4cb47-fc80-4708-b636-a12c191040b3");
INSERT INTO PE_PE
	VALUES ("9c273cf5-40ba-4131-bd15-84879de77235",
	1,
	"e5b17362-2c5f-4e30-b61a-c5751e61b393",
	"00000000-0000-0000-0000-000000000000",
	3);
INSERT INTO S_DT
	VALUES ("9c273cf5-40ba-4131-bd15-84879de77235",
	"00000000-0000-0000-0000-000000000000",
	'inst_ref<Piece>',
	'',
	'');
INSERT INTO S_IRDT
	VALUES ("9c273cf5-40ba-4131-bd15-84879de77235",
	0,
	"d0c12842-5dda-447d-b7ac-1fa939ceb890");
INSERT INTO PE_PE
	VALUES ("f32d0942-5f2d-4556-8c3a-4beff9f01776",
	1,
	"e5b17362-2c5f-4e30-b61a-c5751e61b393",
	"00000000-0000-0000-0000-000000000000",
	3);
INSERT INTO S_DT
	VALUES ("f32d0942-5f2d-4556-8c3a-4beff9f01776",
	"00000000-0000-0000-0000-000000000000",
	'inst_ref_set<Piece>',
	'',
	'');
INSERT INTO S_IRDT
	VALUES ("f32d0942-5f2d-4556-8c3a-4beff9f01776",
	1,
	"d0c12842-5dda-447d-b7ac-1fa939ceb890");
INSERT INTO PE_PE
	VALUES ("a51d22e5-b8fa-463a-8097-883fdd2bcc2c",
	1,
	"e5b17362-2c5f-4e30-b61a-c5751e61b393",
	"00000000-0000-0000-0000-000000000000",
	1);
INSERT INTO S_SYNC
	VALUES ("a51d22e5-b8fa-463a-8097-883fdd2bcc2c",
	"00000000-0000-0000-0000-000000000000",
	'init',
	'',
	'create object instance sq of Square;
create object instance p of Piece;
create object instance m of Move;
m.eval();
',
	"ba5eda7a-def5-0000-0000-000000000000",
	1,
	'',
	0,
	1);
INSERT INTO ACT_FNB
	VALUES ("9b818408-de2e-447a-bc12-5132c28310da",
	"a51d22e5-b8fa-463a-8097-883fdd2bcc2c");
INSERT INTO ACT_ACT
	VALUES ("9b818408-de2e-447a-bc12-5132c28310da",
	'function',
	0,
	"f592e0e0-8e95-4cd5-aa37-58112066fee1",
	"00000000-0000-0000-0000-000000000000",
	0,
	'init',
	"00000000-0000-0000-0000-000000000000");
INSERT INTO ACT_BLK
	VALUES ("f592e0e0-8e95-4cd5-aa37-58112066fee1",
	0,
	0,
	0,
	'',
	'',
	'',
	4,
	1,
	3,
	29,
	0,
	0,
	0,
	0,
	0,
	0,
	0,
	0,
	0,
	"9b818408-de2e-447a-bc12-5132c28310da",
	"00000000-0000-0000-0000-000000000000");
INSERT INTO ACT_SMT
	VALUES ("e47829df-10a9-4ded-848c-40e80d520850",
	"f592e0e0-8e95-4cd5-aa37-58112066fee1",
	"ee48c0cd-32f4-428c-b38a-ffbe4aab85c2",
	1,
	1,
	'init line: 1');
INSERT INTO ACT_CR
	VALUES ("e47829df-10a9-4ded-848c-40e80d520850",
	"aa5aed78-5c18-424e-b166-27e529e04987",
	1,
	"bbc4cb47-fc80-4708-b636-a12c191040b3",
	1,
	30);
INSERT INTO ACT_SMT
	VALUES ("ee48c0cd-32f4-428c-b38a-ffbe4aab85c2",
	"f592e0e0-8e95-4cd5-aa37-58112066fee1",
	"42cabf80-fad4-4441-bfdf-4cf38e47dcfd",
	2,
	1,
	'init line: 2');
INSERT INTO ACT_CR
	VALUES ("ee48c0cd-32f4-428c-b38a-ffbe4aab85c2",
	"6bea88c4-c745-48bd-a044-88131561d0dc",
	1,
	"d0c12842-5dda-447d-b7ac-1fa939ceb890",
	2,
	29);
INSERT INTO ACT_SMT
	VALUES ("42cabf80-fad4-4441-bfdf-4cf38e47dcfd",
	"f592e0e0-8e95-4cd5-aa37-58112066fee1",
	"dd0ec610-ceb2-4393-81df-5c86ac57e927",
	3,
	1,
	'init line: 3');
INSERT INTO ACT_CR
	VALUES ("42cabf80-fad4-4441-bfdf-4cf38e47dcfd",
	"4b8ead03-86f8-4231-ac4b-751ca8888b10",
	1,
	"d4745e63-a0bc-44fa-a237-f63f1e478ac1",
	3,
	29);
INSERT INTO ACT_SMT
	VALUES ("dd0ec610-ceb2-4393-81df-5c86ac57e927",
	"f592e0e0-8e95-4cd5-aa37-58112066fee1",
	"00000000-0000-0000-0000-000000000000",
	4,
	1,
	'init line: 4');
INSERT INTO ACT_TFM
	VALUES ("dd0ec610-ceb2-4393-81df-5c86ac57e927",
	"a3943822-6ec6-4b92-afc0-412ff8729bee",
	"4b8ead03-86f8-4231-ac4b-751ca8888b10",
	4,
	3,
	0,
	0);
INSERT INTO V_VAR
	VALUES ("aa5aed78-5c18-424e-b166-27e529e04987",
	"f592e0e0-8e95-4cd5-aa37-58112066fee1",
	'sq',
	1,
	"d5732df7-1784-4839-ad60-8c7d5424f211");
INSERT INTO V_INT
	VALUES ("aa5aed78-5c18-424e-b166-27e529e04987",
	0,
	"bbc4cb47-fc80-4708-b636-a12c191040b3");
INSERT INTO V_VAR
	VALUES ("6bea88c4-c745-48bd-a044-88131561d0dc",
	"f592e0e0-8e95-4cd5-aa37-58112066fee1",
	'p',
	1,
	"9c273cf5-40ba-4131-bd15-84879de77235");
INSERT INTO V_INT
	VALUES ("6bea88c4-c745-48bd-a044-88131561d0dc",
	0,
	"d0c12842-5dda-447d-b7ac-1fa939ceb890");
INSERT INTO V_VAR
	VALUES ("4b8ead03-86f8-4231-ac4b-751ca8888b10",
	"f592e0e0-8e95-4cd5-aa37-58112066fee1",
	'm',
	1,
	"ba5eda7a-def5-0000-0000-000000000008");
INSERT INTO V_INT
	VALUES ("4b8ead03-86f8-4231-ac4b-751ca8888b10",
	0,
	"d4745e63-a0bc-44fa-a237-f63f1e478ac1");
INSERT INTO PE_PE
	VALUES ("ba5eda7a-def5-0000-0000-000000000000",
	1,
	"00000000-0000-0000-0000-000000000000",
	"00000000-0000-0000-0000-000000000000",
	3);
INSERT INTO S_DT
	VALUES ("ba5eda7a-def5-0000-0000-000000000000",
	"00000000-0000-0000-0000-000000000000",
	'void',
	'',
	'');
INSERT INTO S_CDT
	VALUES ("ba5eda7a-def5-0000-0000-000000000000",
	0);
INSERT INTO PE_PE
	VALUES ("ba5eda7a-def5-0000-0000-000000000001",
	1,
	"00000000-0000-0000-0000-000000000000",
	"00000000-0000-0000-0000-000000000000",
	3);
INSERT INTO S_DT
	VALUES ("ba5eda7a-def5-0000-0000-000000000001",
	"00000000-0000-0000-0000-000000000000",
	'boolean',
	'',
	'');
INSERT INTO S_CDT
	VALUES ("ba5eda7a-def5-0000-0000-000000000001",
	1);
INSERT INTO PE_PE
	VALUES ("ba5eda7a-def5-0000-0000-000000000002",
	1,
	"00000000-0000-0000-0000-000000000000",
	"00000000-0000-0000-0000-000000000000",
	3);
INSERT INTO S_DT
	VALUES ("ba5eda7a-def5-0000-0000-000000000002",
	"00000000-0000-0000-0000-000000000000",
	'integer',
	'',
	'');
INSERT INTO S_CDT
	VALUES ("ba5eda7a-def5-0000-0000-000000000002",
	2);
INSERT INTO PE_PE
	VALUES ("ba5eda7a-def5-0000-0000-000000000003",
	1,
	"00000000-0000-0000-0000-000000000000",
	"00000000-0000-0000-0000-000000000000",
	3);
INSERT INTO S_DT
	VALUES ("ba5eda7a-def5-0000-0000-000000000003",
	"00000000-0000-0000-0000-000000000000",
	'real',
	'',
	'');
INSERT INTO S_CDT
	VALUES ("ba5eda7a-def5-0000-0000-000000000003",
	3);
INSERT INTO PE_PE
	VALUES ("ba5eda7a-def5-0000-0000-000000000004",
	1,
	"00000000-0000-0000-0000-000000000000",
	"00000000-0000-0000-0000-000000000000",
	3);
INSERT INTO S_DT
	VALUES ("ba5eda7a-def5-0000-0000-000000000004",
	"00000000-0000-0000-0000-000000000000",
	'string',
	'',
	'');
INSERT INTO S_CDT
	VALUES ("ba5eda7a-def5-0000-0000-000000000004",
	4);
INSERT INTO PE_PE
	VALUES ("ba5eda7a-def5-0000-0000-000000000005",
	1,
	"00000000-0000-0000-0000-000000000000",
	"00000000-0000-0000-0000-000000000000",
	3);
INSERT INTO S_DT
	VALUES ("ba5eda7a-def5-0000-0000-000000000005",
	"00000000-0000-0000-0000-000000000000",
	'unique_id',
	'',
	'');
INSERT INTO S_CDT
	VALUES ("ba5eda7a-def5-0000-0000-000000000005",
	5);
INSERT INTO PE_PE
	VALUES ("ba5eda7a-def5-0000-0000-000000000006",
	1,
	"00000000-0000-0000-0000-000000000000",
	"00000000-0000-0000-0000-000000000000",
	3);
INSERT INTO S_DT
	VALUES ("ba5eda7a-def5-0000-0000-000000000006",
	"00000000-0000-0000-0000-000000000000",
	'state<State_Model>',
	'',
	'');
INSERT INTO S_CDT
	VALUES ("ba5eda7a-def5-0000-0000-000000000006",
	6);
INSERT INTO PE_PE
	VALUES ("ba5eda7a-def5-0000-0000-000000000007",
	1,
	"00000000-0000-0000-0000-000000000000",
	"00000000-0000-0000-0000-000000000000",
	3);
INSERT INTO S_DT
	VALUES ("ba5eda7a-def5-0000-0000-000000000007",
	"00000000-0000-0000-0000-000000000000",
	'same_as<Base_Attribute>',
	'',
	'');
INSERT INTO S_CDT
	VALUES ("ba5eda7a-def5-0000-0000-000000000007",
	7);
INSERT INTO PE_PE
	VALUES ("ba5eda7a-def5-0000-0000-000000000008",
	1,
	"00000000-0000-0000-0000-000000000000",
	"00000000-0000-0000-0000-000000000000",
	3);
INSERT INTO S_DT
	VALUES ("ba5eda7a-def5-0000-0000-000000000008",
	"00000000-0000-0000-0000-000000000000",
	'inst_ref<Object>',
	'',
	'');
INSERT INTO S_CDT
	VALUES ("ba5eda7a-def5-0000-0000-000000000008",
	8);
INSERT INTO PE_PE
	VALUES ("ba5eda7a-def5-0000-0000-000000000009",
	1,
	"00000000-0000-0000-0000-000000000000",
	"00000000-0000-0000-0000-000000000000",
	3);
INSERT INTO S_DT
	VALUES ("ba5eda7a-def5-0000-0000-000000000009",
	"00000000-0000-0000-0000-000000000000",
	'inst_ref_set<Object>',
	'',
	'');
INSERT INTO S_CDT
	VALUES ("ba5eda7a-def5-0000-0000-000000000009",
	9);
INSERT INTO PE_PE
	VALUES ("ba5eda7a-def5-0000-0000-00000000000a",
	1,
	"00000000-0000-0000-0000-000000000000",
	"00000000-0000-0000-0000-000000000000",
	3);
INSERT INTO S_DT
	VALUES ("ba5eda7a-def5-0000-0000-00000000000a",
	"00000000-0000-0000-0000-000000000000",
	'inst<Event>',
	'',
	'');
INSERT INTO S_CDT
	VALUES ("ba5eda7a-def5-0000-0000-00000000000a",
	10);
INSERT INTO PE_PE
	VALUES ("ba5eda7a-def5-0000-0000-00000000000b",
	1,
	"00000000-0000-0000-0000-000000000000",
	"00000000-0000-0000-0000-000000000000",
	3);
INSERT INTO S_DT
	VALUES ("ba5eda7a-def5-0000-0000-00000000000b",
	"00000000-0000-0000-0000-000000000000",
	'inst<Mapping>',
	'',
	'');
INSERT INTO S_CDT
	VALUES ("ba5eda7a-def5-0000-0000-00000000000b",
	11);
INSERT INTO PE_PE
	VALUES ("ba5eda7a-def5-0000-0000-00000000000c",
	1,
	"00000000-0000-0000-0000-000000000000",
	"00000000-0000-0000-0000-000000000000",
	3);
INSERT INTO S_DT
	VALUES ("ba5eda7a-def5-0000-0000-00000000000c",
	"00000000-0000-0000-0000-000000000000",
	'inst_ref<Mapping>',
	'',
	'');
INSERT INTO S_CDT
	VALUES ("ba5eda7a-def5-0000-0000-00000000000c",
	12);
INSERT INTO PE_PE
	VALUES ("ba5eda7a-def5-0000-0000-00000000000d",
	1,
	"00000000-0000-0000-0000-000000000000",
	"00000000-0000-0000-0000-000000000000",
	3);
INSERT INTO S_DT
	VALUES ("ba5eda7a-def5-0000-0000-00000000000d",
	"00000000-0000-0000-0000-000000000000",
	'component_ref',
	'',
	'');
INSERT INTO S_CDT
	VALUES ("ba5eda7a-def5-0000-0000-00000000000d",
	13);
INSERT INTO PE_PE
	VALUES ("ba5eda7a-def5-0000-0000-00000000000e",
	1,
	"00000000-0000-0000-0000-000000000000",
	"00000000-0000-0000-0000-000000000000",
	3);
INSERT INTO S_DT
	VALUES ("ba5eda7a-def5-0000-0000-00000000000e",
	"00000000-0000-0000-0000-000000000000",
	'date',
	'',
	'');
INSERT INTO S_UDT
	VALUES ("ba5eda7a-def5-0000-0000-00000000000e",
	"ba5eda7a-def5-0000-0000-00000000000b",
	1,
	'');
INSERT INTO PE_PE
	VALUES ("ba5eda7a-def5-0000-0000-00000000000f",
	1,
	"00000000-0000-0000-0000-000000000000",
	"00000000-0000-0000-0000-000000000000",
	3);
INSERT INTO S_DT
	VALUES ("ba5eda7a-def5-0000-0000-00000000000f",
	"00000000-0000-0000-0000-000000000000",
	'inst_ref<Timer>',
	'',
	'');
INSERT INTO S_UDT
	VALUES ("ba5eda7a-def5-0000-0000-00000000000f",
	"ba5eda7a-def5-0000-0000-00000000000c",
	3,
	'');
INSERT INTO PE_PE
	VALUES ("ba5eda7a-def5-0000-0000-000000000010",
	1,
	"00000000-0000-0000-0000-000000000000",
	"00000000-0000-0000-0000-000000000000",
	3);
INSERT INTO S_DT
	VALUES ("ba5eda7a-def5-0000-0000-000000000010",
	"00000000-0000-0000-0000-000000000000",
	'timestamp',
	'',
	'');
INSERT INTO S_UDT
	VALUES ("ba5eda7a-def5-0000-0000-000000000010",
	"ba5eda7a-def5-0000-0000-000000000002",
	2,
	'');
